Datum;WoTag;Woche;lfdTag;JulTag;DiffUTC;SAofficial;SUofficial;SAcivil;SUcivil;SAnautic;SUnautic;SAastro;SUastro;blueSAfrom;blueSAuntil;goldSAfrom;goldSAuntil;goldSUfrom;goldSUuntil;blueSUfrom;blueSUuntil;MondTag;MondProzent;Mondphase;MA;MU;ArbZeitFaktor;Text
1.1.2015;Donnerstag;1;1;2457024;1;08:08;16:42;07:33;17:17;06:54;17:56;06:17;18:33;07:07;07:53;08:21;10:28;14:22;16:29;16:57;17:43;12;83;;14:11;04:11;0;Neujahr ;
2.1.2015;Freitag;1;2;2457025;1;08:08;16:43;07:33;17:18;06:54;17:57;06:17;18:34;07:07;07:53;08:21;10:28;14:24;16:30;16:58;17:44;13;90;;14:54;05:13;1;;
3.1.2015;Samstag;1;3;2457026;1;08:08;16:44;07:33;17:19;06:54;17:58;06:17;18:35;07:07;07:53;08:21;10:27;14:25;16:31;16:59;17:45;14;100;;15:42;06:11;1;;
4.1.2015;Sonntag;1;4;2457027;1;08:08;16:45;07:33;17:20;06:54;17:59;06:17;18:36;07:07;07:53;08:21;10:26;14:27;16:32;17:00;17:46;15;100;Vollmond;16:35;07:02;1;;
5.1.2015;Montag;2;5;2457028;1;08:08;16:46;07:33;17:21;06:54;18:00;06:17;18:37;07:07;07:53;08:21;10:25;14:28;16:33;17:01;17:47;16;90;;17:31;07:47;1;;
6.1.2015;Dienstag;2;6;2457029;1;08:08;16:47;07:32;17:22;06:54;18:01;06:17;18:38;07:06;07:53;08:21;10:25;14:30;16:34;17:02;17:48;17;83;;18:30;08:27;1;Dreikönigstag ;
7.1.2015;Mittwoch;2;7;2457030;1;08:07;16:48;07:32;17:23;06:54;18:02;06:17;18:39;07:06;07:52;08:20;10:24;14:32;16:35;17:03;17:49;18;76;;19:29;09:01;1;;
8.1.2015;Donnerstag;2;8;2457031;1;08:07;16:49;07:32;17:24;06:54;18:03;06:17;18:40;07:06;07:52;08:20;10:23;14:34;16:36;17:04;17:50;19;69;;20:29;09:31;1;;
9.1.2015;Freitag;2;9;2457032;1;08:07;16:50;07:32;17:25;06:53;18:04;06:16;18:41;07:06;07:52;08:20;10:22;14:36;16:37;17:05;17:51;20;62;;21:28;09:59;1;;
10.1.2015;Samstag;2;10;2457033;1;08:06;16:52;07:31;17:26;06:53;18:05;06:16;18:42;07:06;07:51;08:19;10:20;14:38;16:39;17:06;17:52;21;55;;22:28;10:25;1;;
11.1.2015;Sonntag;2;11;2457034;1;08:06;16:53;07:31;17:28;06:53;18:06;06:16;18:43;07:05;07:51;08:19;10:19;14:40;16:40;17:08;17:53;22;48;;23:28;10:50;1;;
12.1.2015;Montag;3;12;2457035;1;08:05;16:54;07:31;17:29;06:53;18:07;06:16;18:44;07:05;07:51;08:18;10:18;14:42;16:41;17:09;17:54;23;41;;00:29;11:15;1;;
13.1.2015;Dienstag;3;13;2457036;1;08:05;16:55;07:30;17:30;06:52;18:08;06:15;18:45;07:05;07:50;08:18;10:17;14:44;16:43;17:10;17:56;24;34;;01:00;11:42;1;;
14.1.2015;Mittwoch;3;14;2457037;1;08:04;16:57;07:30;17:31;06:52;18:09;06:15;18:46;07:04;07:50;08:17;10:15;14:46;16:44;17:11;17:57;25;28;;01:30;12:12;1;;
15.1.2015;Donnerstag;3;15;2457038;1;08:04;16:58;07:29;17:32;06:51;18:10;06:15;18:47;07:04;07:49;08:17;10:14;14:48;16:45;17:13;17:58;26;21;;02:33;12:46;1;;
16.1.2015;Freitag;3;16;2457039;1;08:03;16:59;07:29;17:34;06:51;18:12;06:14;18:48;07:03;07:49;08:16;10:12;14:51;16:47;17:14;17:59;27;14;;03:36;13:26;1;;
17.1.2015;Samstag;3;17;2457040;1;08:02;17:01;07:28;17:35;06:50;18:13;06:14;18:49;07:03;07:48;08:15;10:11;14:53;16:48;17:15;18:00;28;7;;04:40;14:14;1;;
18.1.2015;Sonntag;3;18;2457041;1;08:02;17:02;07:28;17:36;06:50;18:14;06:13;18:50;07:02;07:47;08:14;10:09;14:55;16:50;17:17;18:02;29;0;;05:40;15:10;1;;
19.1.2015;Montag;4;19;2457042;1;08:01;17:04;07:27;17:38;06:49;18:15;06:13;18:52;07:02;07:46;08:14;10:08;14:57;16:51;17:18;18:03;0;0;Neumond;06:36;16:16;1;;
20.1.2015;Dienstag;4;20;2457043;1;08:00;17:05;07:26;17:39;06:49;18:17;06:12;18:53;07:01;07:46;08:13;10:06;15:00;16:52;17:19;18:04;1;7;;07:26;17:27;1;;
21.1.2015;Mittwoch;4;21;2457044;1;07:59;17:06;07:25;17:40;06:48;18:18;06:12;18:54;07:00;07:45;08:12;10:04;15:02;16:54;17:21;18:05;2;14;;08:10;18:44;1;;
22.1.2015;Donnerstag;4;22;2457045;1;07:58;17:08;07:25;17:42;06:47;18:19;06:11;18:55;06:59;07:44;08:11;10:03;15:04;16:55;17:22;18:07;3;21;;08:49;20:01;1;;
23.1.2015;Freitag;4;23;2457046;1;07:57;17:09;07:24;17:43;06:46;18:20;06:10;18:57;06:59;07:43;08:10;10:01;15:06;16:57;17:24;18:08;4;28;;09:23;21:17;1;;
24.1.2015;Samstag;4;24;2457047;1;07:57;17:11;07:23;17:44;06:46;18:22;06:09;18:58;06:58;07:42;08:09;09:59;15:09;16:58;17:25;18:09;5;34;;09:56;22:33;1;;
25.1.2015;Sonntag;4;25;2457048;1;07:56;17:12;07:22;17:46;06:45;18:23;06:09;18:59;06:57;07:41;08:08;09:57;15:11;17:00;17:27;18:11;6;41;;10:28;23:46;1;;
26.1.2015;Montag;5;26;2457049;1;07:54;17:14;07:21;17:47;06:44;18:24;06:08;19:00;06:56;07:40;08:07;09:55;15:13;17:02;17:28;18:12;7;48;;11:01;00:57;1;Winterschlußverkauf ;
27.1.2015;Dienstag;5;27;2457050;1;07:53;17:15;07:20;17:49;06:43;18:26;06:07;19:02;06:55;07:39;08:06;09:53;15:16;17:03;17:29;18:13;8;55;;11:35;01:00;1;;
28.1.2015;Mittwoch;5;28;2457051;1;07:52;17:17;07:19;17:50;06:42;18:27;06:06;19:03;06:54;07:38;08:04;09:51;15:18;17:05;17:31;18:15;9;62;;12:13;02:04;1;;
29.1.2015;Donnerstag;5;29;2457052;1;07:51;17:18;07:18;17:51;06:41;18:28;06:05;19:04;06:53;07:37;08:03;09:49;15:20;17:06;17:32;18:16;10;69;;12:54;03:07;1;;
30.1.2015;Freitag;5;30;2457053;1;07:50;17:20;07:17;17:53;06:40;18:30;06:04;19:06;06:52;07:36;08:02;09:47;15:23;17:08;17:34;18:17;11;76;;13:40;04:06;1;;
31.1.2015;Samstag;5;31;2457054;1;07:49;17:21;07:16;17:54;06:39;18:31;06:03;19:07;06:51;07:35;08:01;09:45;15:25;17:09;17:35;18:19;12;83;;14:31;04:58;1;;
1.2.2015;Sonntag;5;32;2457055;1;07:47;17:23;07:15;17:56;06:38;18:32;06:02;19:08;06:50;07:34;08:00;09:43;15:27;17:11;17:37;18:20;13;90;;15:24;05:45;1;;
2.2.2015;Montag;6;33;2457056;1;07:46;17:24;07:14;17:57;06:37;18:34;06:01;19:09;06:49;07:32;07:58;09:41;15:30;17:13;17:38;18:22;14;100;;16:22;06:26;1;;
3.2.2015;Dienstag;6;34;2457057;1;07:45;17:26;07:12;17:59;06:36;18:35;06:00;19:11;06:48;07:31;07:57;09:39;15:32;17:14;17:40;18:23;15;100;Vollmond;17:20;07:02;1;;
4.2.2015;Mittwoch;6;35;2457058;1;07:44;17:28;07:11;18:00;06:35;18:36;05:59;19:12;06:47;07:30;07:55;09:37;15:34;17:16;17:41;18:24;16;90;;18:20;07:33;1;;
5.2.2015;Donnerstag;6;36;2457059;1;07:42;17:29;07:10;18:01;06:33;18:38;05:58;19:14;06:45;07:28;07:54;09:35;15:37;17:17;17:43;18:26;17;83;;19:19;08:02;1;;
6.2.2015;Freitag;6;37;2457060;1;07:41;17:31;07:08;18:03;06:32;18:39;05:57;19:15;06:44;07:27;07:53;09:33;15:39;17:19;17:44;18:27;18;76;;20:19;08:29;1;;
7.2.2015;Samstag;6;38;2457061;1;07:39;17:32;07:07;18:04;06:31;18:41;05:55;19:16;06:43;07:26;07:51;09:31;15:41;17:21;17:46;18:29;19;69;;21:18;08:54;1;;
8.2.2015;Sonntag;6;39;2457062;1;07:38;17:34;07:06;18:06;06:30;18:42;05:54;19:18;06:42;07:24;07:50;09:29;15:43;17:22;17:47;18:30;20;62;;22:18;09:19;1;;
9.2.2015;Montag;7;40;2457063;1;07:36;17:35;07:04;18:07;06:28;18:43;05:53;19:19;06:40;07:23;07:48;09:27;15:46;17:24;17:49;18:32;21;55;;23:18;09:45;1;;
10.2.2015;Dienstag;7;41;2457064;1;07:35;17:37;07:03;18:09;06:27;18:45;05:51;19:20;06:39;07:21;07:47;09:24;15:48;17:25;17:50;18:33;22;48;;00:20;10:14;1;;
11.2.2015;Mittwoch;7;42;2457065;1;07:33;17:38;07:02;18:10;06:26;18:46;05:50;19:22;06:37;07:20;07:45;09:22;15:50;17:27;17:52;18:34;23;41;;01:00;10:45;1;;
12.2.2015;Donnerstag;7;43;2457066;1;07:32;17:40;07:00;18:12;06:24;18:48;05:49;19:23;06:36;07:18;07:43;09:20;15:52;17:28;17:53;18:36;24;34;;01:21;11:21;1;Weiberfastnacht ;
13.2.2015;Freitag;7;44;2457067;1;07:30;17:42;06:59;18:13;06:23;18:49;05:47;19:25;06:35;07:17;07:42;09:18;15:54;17:30;17:55;18:37;25;28;;02:23;12:04;1;;
14.2.2015;Samstag;7;45;2457068;1;07:29;17:43;06:57;18:15;06:21;18:51;05:46;19:26;06:33;07:15;07:40;09:16;15:56;17:32;17:56;18:39;26;21;;03:22;12:54;1;Valentinstag ;
15.2.2015;Sonntag;7;46;2457069;1;07:27;17:45;06:56;18:16;06:20;18:52;05:44;19:27;06:32;07:14;07:38;09:13;15:59;17:33;17:58;18:40;27;14;;04:19;13:53;1;;
16.2.2015;Montag;8;47;2457070;1;07:25;17:46;06:54;18:18;06:18;18:53;05:43;19:29;06:30;07:12;07:37;09:11;16:01;17:35;17:59;18:42;28;7;;05:11;15:00;0;Rosenmontag ;
17.2.2015;Dienstag;8;48;2457071;1;07:24;17:48;06:52;18:19;06:17;18:55;05:41;19:30;06:28;07:10;07:35;09:09;16:03;17:36;18:01;18:43;29;0;;05:58;16:14;1;Karnevalsdienstag ;
18.2.2015;Mittwoch;8;49;2457072;1;07:22;17:49;06:51;18:21;06:15;18:56;05:40;19:32;06:27;07:09;07:33;09:07;16:05;17:38;18:02;18:44;0;0;Neumond;06:40;17:31;1;Aschermittwoch ;
19.2.2015;Donnerstag;8;50;2457073;1;07:20;17:51;06:49;18:22;06:13;18:58;05:38;19:33;06:25;07:07;07:32;09:04;16:07;17:40;18:04;18:46;1;7;;07:17;18:50;1;;
20.2.2015;Freitag;8;51;2457074;1;07:19;17:52;06:47;18:23;06:12;18:59;05:36;19:34;06:24;07:05;07:30;09:02;16:09;17:41;18:05;18:47;2;14;;07:52;20:08;1;;
21.2.2015;Samstag;8;52;2457075;1;07:17;17:54;06:46;18:25;06:10;19:00;05:35;19:36;06:22;07:04;07:28;09:00;16:11;17:43;18:07;18:49;3;21;;08:26;21:25;1;;
22.2.2015;Sonntag;8;53;2457076;1;07:15;17:55;06:44;18:26;06:09;19:02;05:33;19:37;06:20;07:02;07:26;08:58;16:13;17:44;18:08;18:50;4;28;;09:00;22:40;1;;
23.2.2015;Montag;9;54;2457077;1;07:13;17:57;06:42;18:28;06:07;19:03;05:31;19:39;06:19;07:00;07:25;08:55;16:15;17:46;18:10;18:52;5;34;;09:35;23:51;1;;
24.2.2015;Dienstag;9;55;2457078;1;07:12;17:58;06:41;18:29;06:05;19:05;05:30;19:40;06:17;06:59;07:23;08:53;16:17;17:47;18:11;18:53;6;41;;10:13;00:58;1;;
25.2.2015;Mittwoch;9;56;2457079;1;07:10;18:00;06:39;18:31;06:03;19:06;05:28;19:42;06:15;06:57;07:21;08:51;16:19;17:49;18:13;18:54;7;48;;10:54;01:00;1;;
26.2.2015;Donnerstag;9;57;2457080;1;07:08;18:01;06:37;18:32;06:02;19:08;05:26;19:43;06:13;06:55;07:19;08:49;16:21;17:50;18:14;18:56;8;55;;11:38;01:59;1;;
27.2.2015;Freitag;9;58;2457081;1;07:06;18:03;06:35;18:34;06:00;19:09;05:24;19:45;06:12;06:53;07:17;08:46;16:23;17:52;18:16;18:57;9;62;;12:28;02:54;1;;
28.2.2015;Samstag;9;59;2457082;1;07:04;18:04;06:33;18:35;05:58;19:10;05:23;19:46;06:10;06:51;07:15;08:44;16:25;17:53;18:17;18:59;10;69;;13:20;03:43;1;;
1.3.2015;Sonntag;9;60;2457083;1;07:02;18:06;06:32;18:37;05:56;19:12;05:21;19:47;06:08;06:49;07:13;08:42;16:26;17:55;18:19;19:00;12;83;;14:17;04:26;1;;
2.3.2015;Montag;10;61;2457084;1;07:00;18:07;06:30;18:38;05:54;19:13;05:19;19:49;06:06;06:48;07:11;08:40;16:28;17:56;18:20;19:02;13;90;;15:14;05:03;1;;
3.3.2015;Dienstag;10;62;2457085;1;06:59;18:09;06:28;18:39;05:53;19:15;05:17;19:50;06:04;06:46;07:10;08:37;16:30;17:58;18:22;19:03;14;100;;16:13;05:36;1;;
4.3.2015;Mittwoch;10;63;2457086;1;06:57;18:10;06:26;18:41;05:51;19:16;05:15;19:52;06:03;06:44;07:08;08:35;16:32;17:59;18:23;19:04;15;100;Vollmond;17:12;06:05;1;;
5.3.2015;Donnerstag;10;64;2457087;1;06:55;18:12;06:24;18:42;05:49;19:18;05:13;19:53;06:01;06:42;07:06;08:33;16:34;18:01;18:25;19:06;16;90;;18:12;06:33;1;;
6.3.2015;Freitag;10;65;2457088;1;06:53;18:13;06:22;18:44;05:47;19:19;05:11;19:55;05:59;06:40;07:04;08:31;16:36;18:02;18:26;19:07;17;83;;19:11;06:58;1;;
7.3.2015;Samstag;10;66;2457089;1;06:51;18:15;06:20;18:45;05:45;19:21;05:09;19:56;05:57;06:38;07:02;08:28;16:37;18:04;18:28;19:09;18;76;;20:11;07:24;1;;
8.3.2015;Sonntag;10;67;2457090;1;06:49;18:16;06:19;18:47;05:43;19:22;05:07;19:58;05:55;06:36;07:00;08:26;16:39;18:05;18:29;19:10;19;69;;21:11;07:50;1;;
9.3.2015;Montag;11;68;2457091;1;06:47;18:18;06:17;18:48;05:41;19:23;05:05;19:59;05:53;06:34;06:58;08:24;16:41;18:07;18:30;19:12;20;62;;22:12;08:18;1;;
10.3.2015;Dienstag;11;69;2457092;1;06:45;18:19;06:15;18:50;05:39;19:25;05:03;20:01;05:51;06:32;06:56;08:22;16:43;18:08;18:32;19:13;21;55;;23:12;08:48;1;;
11.3.2015;Mittwoch;11;70;2457093;1;06:43;18:21;06:13;18:51;05:37;19:26;05:01;20:02;05:49;06:30;06:54;08:20;16:44;18:10;18:33;19:15;22;48;;00:13;09:22;1;;
12.3.2015;Donnerstag;11;71;2457094;1;06:41;18:22;06:11;18:52;05:35;19:28;04:59;20:04;05:47;06:28;06:52;08:17;16:46;18:11;18:35;19:16;23;41;;01:00;10:01;1;;
13.3.2015;Freitag;11;72;2457095;1;06:39;18:23;06:09;18:54;05:33;19:29;04:57;20:06;05:45;06:26;06:50;08:15;16:48;18:13;18:36;19:17;24;34;;01:11;10:47;1;;
14.3.2015;Samstag;11;73;2457096;1;06:37;18:25;06:07;18:55;05:31;19:31;04:55;20:07;05:43;06:24;06:48;08:13;16:49;18:14;18:38;19:19;25;28;;02:08;11:40;1;;
15.3.2015;Sonntag;11;74;2457097;1;06:35;18:26;06:05;18:57;05:29;19:32;04:53;20:09;05:41;06:22;06:46;08:11;16:51;18:15;18:39;19:20;26;21;;03:00;12:41;1;;
16.3.2015;Montag;12;75;2457098;1;06:33;18:28;06:03;18:58;05:27;19:34;04:51;20:10;05:39;06:20;06:44;08:09;16:52;18:17;18:40;19:22;27;14;;03:47;13:49;1;;
17.3.2015;Dienstag;12;76;2457099;1;06:31;18:29;06:01;19:00;05:25;19:35;04:49;20:12;05:37;06:19;06:42;08:06;16:54;18:18;18:42;19:23;28;7;;04:31;15:02;1;;
18.3.2015;Mittwoch;12;77;2457100;1;06:29;18:31;05:59;19:01;05:23;19:37;04:46;20:13;05:35;06:17;06:40;08:04;16:56;18:20;18:43;19:25;29;0;;05:09;16:19;1;;
19.3.2015;Donnerstag;12;78;2457101;1;06:27;18:32;05:57;19:02;05:21;19:38;04:44;20:15;05:33;06:15;06:38;08:02;16:57;18:21;18:45;19:26;0;0;Neumond;05:45;17:37;1;;
20.3.2015;Freitag;12;79;2457102;1;06:25;18:33;05:55;19:04;05:19;19:40;04:42;20:17;05:31;06:13;06:36;08:00;16:59;18:23;18:46;19:28;1;7;;06:20;18:56;1;Frühlingsanfang ;
21.3.2015;Samstag;12;80;2457103;1;06:23;18:35;05:53;19:05;05:17;19:41;04:40;20:18;05:29;06:10;06:34;07:58;17:00;18:24;18:48;19:29;2;14;;06:54;20:13;1;;
22.3.2015;Sonntag;12;81;2457104;1;06:21;18:36;05:51;19:07;05:15;19:43;04:38;20:20;05:27;06:08;06:32;07:56;17:02;18:25;18:49;19:31;3;21;;07:29;21:28;1;;
23.3.2015;Montag;13;82;2457105;1;06:19;18:38;05:49;19:08;05:13;19:44;04:35;20:22;05:25;06:06;06:30;07:53;17:03;18:27;18:50;19:32;4;28;;08:07;22:40;1;;
24.3.2015;Dienstag;13;83;2457106;1;06:17;18:39;05:47;19:10;05:11;19:46;04:33;20:23;05:23;06:04;06:28;07:51;17:05;18:28;18:52;19:34;5;34;;08:48;23:46;1;;
25.3.2015;Mittwoch;13;84;2457107;1;06:15;18:40;05:45;19:11;05:08;19:47;04:31;20:25;05:21;06:02;06:26;07:49;17:06;18:30;18:53;19:35;6;41;;09:32;00:46;1;;
26.3.2015;Donnerstag;13;85;2457108;1;06:13;18:42;05:43;19:12;05:06;19:49;04:29;20:27;05:18;06:00;06:24;07:47;17:08;18:31;18:55;19:37;7;48;;10:22;01:00;1;;
27.3.2015;Freitag;13;86;2457109;1;06:11;18:43;05:41;19:14;05:04;19:50;04:26;20:28;05:16;05:58;06:22;07:45;17:09;18:32;18:56;19:38;8;55;;11:14;01:38;1;;
28.3.2015;Samstag;13;87;2457110;1;06:09;18:45;05:38;19:15;05:02;19:52;04:24;20:30;05:14;05:56;06:20;07:43;17:11;18:34;18:57;19:40;9;62;;12:10;02:24;1;;
29.3.2015;Sonntag;13;88;2457111;2;07:07;19:46;06:36;20:17;06:00;20:53;05:22;21:32;06:12;06:54;07:18;08:41;18:12;19:35;19:59;20:41;10;69;;14:07;04:03;1;Beginn MESZ Palmsonntag ;
30.3.2015;Montag;14;89;2457112;2;07:05;19:47;06:34;20:18;05:58;20:55;05:19;21:33;06:10;06:52;07:16;08:39;18:14;19:37;20:00;20:43;11;76;;15:06;04:37;1;;
31.3.2015;Dienstag;14;90;2457113;2;07:03;19:49;06:32;20:20;05:56;20:57;05:17;21:35;06:08;06:50;07:14;08:37;18:15;19:38;20:02;20:44;12;83;;16:05;05:08;1;;
1.4.2015;Mittwoch;14;91;2457114;2;07:01;19:50;06:30;20:21;05:53;20:58;05:15;21:37;06:06;06:48;07:12;08:35;18:17;19:39;20:03;20:46;13;90;;17:04;05:36;1;;
2.4.2015;Donnerstag;14;92;2457115;2;06:59;19:52;06:28;20:23;05:51;21:00;05:12;21:39;06:04;06:46;07:10;08:33;18:18;19:41;20:04;20:47;14;100;;18:03;06:02;1;Gründonnerstag ;
3.4.2015;Freitag;14;93;2457116;2;06:57;19:53;06:26;20:24;05:49;21:01;05:10;21:40;06:02;06:44;07:08;08:31;18:19;19:42;20:06;20:49;15;100;Vollmond;19:03;06:28;0;Karfreitag ;
4.4.2015;Samstag;14;94;2457117;2;06:55;19:54;06:24;20:25;05:47;21:03;05:08;21:42;05:59;06:42;07:06;08:29;18:21;19:43;20:07;20:50;16;90;;20:04;06:54;1;;
5.4.2015;Sonntag;14;95;2457118;2;06:53;19:56;06:22;20:27;05:45;21:04;05:05;21:44;05:57;06:40;07:04;08:27;18:22;19:45;20:09;20:52;17;83;;21:05;07:21;0;Ostersonntag ;
6.4.2015;Montag;15;96;2457119;2;06:51;19:57;06:20;20:28;05:43;21:06;05:03;21:46;05:55;06:38;07:02;08:25;18:23;19:46;20:10;20:53;18;76;;22:06;07:51;0;Ostermontag ;
7.4.2015;Dienstag;15;97;2457120;2;06:49;19:58;06:18;20:30;05:40;21:08;05:00;21:48;05:53;06:36;07:00;08:23;18:25;19:48;20:12;20:55;19;69;;23:07;08:23;1;;
8.4.2015;Mittwoch;15;98;2457121;2;06:47;20:00;06:16;20:31;05:38;21:09;04:58;21:50;05:51;06:34;06:58;08:21;18:26;19:49;20:13;20:56;20;62;;00:06;09:01;1;;
9.4.2015;Donnerstag;15;99;2457122;2;06:45;20:01;06:14;20:33;05:36;21:11;04:55;21:52;05:49;06:32;06:56;08:19;18:27;19:50;20:14;20:58;21;55;;01:03;09:45;1;;
10.4.2015;Freitag;15;100;2457123;2;06:44;20:03;06:12;20:34;05:34;21:12;04:53;21:53;05:47;06:30;06:55;08:17;18:29;19:52;20:16;21:00;22;48;;01:55;10:34;1;;
11.4.2015;Samstag;15;101;2457124;2;06:42;20:04;06:10;20:36;05:32;21:14;04:51;21:55;05:45;06:28;06:53;08:16;18:30;19:53;20:17;21:01;23;41;;02:00;11:32;1;;
12.4.2015;Sonntag;15;102;2457125;2;06:40;20:05;06:08;20:37;05:29;21:16;04:48;21:57;05:43;06:27;06:51;08:14;18:31;19:54;20:19;21:03;24;34;;02:43;12:34;1;Weißer Sonntag ;
13.4.2015;Montag;16;103;2457126;2;06:38;20:07;06:06;20:39;05:27;21:17;04:46;21:59;05:40;06:25;06:49;08:12;18:33;19:56;20:20;21:04;25;28;;03:26;13:44;1;;
14.4.2015;Dienstag;16;104;2457127;2;06:36;20:08;06:04;20:40;05:25;21:19;04:43;22:01;05:38;06:23;06:47;08:10;18:34;19:57;20:21;21:06;26;21;;04:05;14:56;1;;
15.4.2015;Mittwoch;16;105;2457128;2;06:34;20:10;06:02;20:42;05:23;21:21;04:41;22:03;05:36;06:21;06:45;08:08;18:35;19:58;20:23;21:07;27;14;;04:40;16:11;1;;
16.4.2015;Donnerstag;16;106;2457129;2;06:32;20:11;06:00;20:43;05:21;21:22;04:38;22:05;05:34;06:19;06:43;08:06;18:37;20:00;20:24;21:09;28;7;;05:15;17:28;1;;
17.4.2015;Freitag;16;107;2457130;2;06:30;20:12;05:58;20:45;05:19;21:24;04:36;22:07;05:32;06:17;06:41;08:05;18:38;20:01;20:26;21:11;29;0;;05:48;18:44;1;;
18.4.2015;Samstag;16;108;2457131;2;06:28;20:14;05:56;20:46;05:16;21:26;04:33;22:09;05:30;06:15;06:40;08:03;18:39;20:03;20:27;21:12;0;0;Neumond;06:22;20:01;1;;
19.4.2015;Sonntag;16;109;2457132;2;06:27;20:15;05:54;20:48;05:14;21:28;04:31;22:11;05:28;06:13;06:38;08:01;18:40;20:04;20:29;21:14;1;7;;06:58;21:15;1;;
20.4.2015;Montag;17;110;2457133;2;06:25;20:17;05:52;20:49;05:12;21:29;04:28;22:13;05:26;06:11;06:36;08:00;18:42;20:05;20:30;21:16;2;14;;07:38;22:26;1;;
21.4.2015;Dienstag;17;111;2457134;2;06:23;20:18;05:50;20:51;05:10;21:31;04:26;22:16;05:24;06:09;06:34;07:58;18:43;20:07;20:31;21:17;3;21;;08:22;23:31;1;;
22.4.2015;Mittwoch;17;112;2457135;2;06:21;20:19;05:48;20:52;05:08;21:33;04:23;22:18;05:22;06:08;06:33;07:56;18:44;20:08;20:33;21:19;4;28;;09:11;00:28;1;;
23.4.2015;Donnerstag;17;113;2457136;2;06:19;20:21;05:46;20:54;05:06;21:34;04:21;22:20;05:20;06:06;06:31;07:55;18:45;20:09;20:34;21:20;5;34;;10:03;01:18;1;;
24.4.2015;Freitag;17;114;2457137;2;06:18;20:22;05:45;20:55;05:04;21:36;04:18;22:22;05:18;06:04;06:29;07:53;18:47;20:11;20:36;21:22;6;41;;10:59;02:00;1;;
25.4.2015;Samstag;17;115;2457138;2;06:16;20:23;05:43;20:57;05:02;21:38;04:16;22:24;05:16;06:02;06:27;07:52;18:48;20:12;20:37;21:24;7;48;;11:57;02:01;1;;
26.4.2015;Sonntag;17;116;2457139;2;06:14;20:25;05:41;20:58;05:00;21:40;04:13;22:26;05:14;06:00;06:26;07:50;18:49;20:13;20:39;21:25;8;55;;12:56;02:37;1;;
27.4.2015;Montag;18;117;2457140;2;06:12;20:26;05:39;21:00;04:57;21:41;04:11;22:28;05:12;05:59;06:24;07:48;18:50;20:15;20:40;21:27;9;62;;13:56;03:10;1;;
28.4.2015;Dienstag;18;118;2457141;2;06:11;20:28;05:37;21:01;04:55;21:43;04:08;22:31;05:10;05:57;06:22;07:47;18:51;20:16;20:41;21:29;10;69;;14:55;03:39;1;;
29.4.2015;Mittwoch;18;119;2457142;2;06:09;20:29;05:35;21:03;04:53;21:45;04:06;22:33;05:08;05:55;06:21;07:45;18:52;20:17;20:43;21:30;11;76;;15:54;04:05;1;;
30.4.2015;Donnerstag;18;120;2457143;2;06:08;20:30;05:34;21:04;04:51;21:47;04:03;22:35;05:06;05:54;06:19;07:44;18:54;20:19;20:44;21:32;12;83;;16:54;04:31;1;;
1.5.2015;Freitag;18;121;2457144;2;06:06;20:32;05:32;21:06;04:49;21:49;04:01;22:37;05:04;05:52;06:18;07:43;18:55;20:20;20:46;21:34;14;100;;17:54;04:57;0;Maifeiertag ;
2.5.2015;Samstag;18;122;2457145;2;06:04;20:33;05:30;21:07;04:47;21:50;03:58;22:40;05:02;05:50;06:16;07:41;18:56;20:21;20:47;21:35;15;100;Vollmond;18:55;05:24;1;Rhein in Flammen ;
3.5.2015;Sonntag;18;123;2457146;2;06:03;20:34;05:28;21:09;04:45;21:52;03:55;22:42;05:00;05:49;06:14;07:40;18:57;20:23;20:49;21:37;16;90;;19:57;05:52;1;;
4.5.2015;Montag;19;124;2457147;2;06:01;20:36;05:27;21:10;04:43;21:54;03:53;22:44;04:58;05:47;06:13;07:38;18:58;20:24;20:50;21:39;17;83;;20:59;06:24;1;;
5.5.2015;Dienstag;19;125;2457148;2;06:00;20:37;05:25;21:12;04:41;21:56;03:50;22:47;04:56;05:45;06:11;07:37;18:59;20:25;20:51;21:40;18;76;;22:00;07:00;1;Europatag ;
6.5.2015;Mittwoch;19;126;2457149;2;05:58;20:38;05:23;21:13;04:39;21:57;03:48;22:49;04:55;05:44;06:10;07:36;19:01;20:27;20:53;21:42;19;69;;22:58;07:42;1;;
7.5.2015;Donnerstag;19;127;2457150;2;05:57;20:40;05:22;21:15;04:37;21:59;03:45;22:51;04:53;05:42;06:09;07:35;19:02;20:28;20:54;21:44;20;62;;23:53;08:30;1;;
8.5.2015;Freitag;19;128;2457151;2;05:55;20:41;05:20;21:16;04:35;22:01;03:43;22:54;04:51;05:41;06:07;07:33;19:03;20:29;20:56;21:45;21;55;;00:42;09:26;1;;
9.5.2015;Samstag;19;129;2457152;2;05:54;20:42;05:18;21:18;04:34;22:03;03:40;22:56;04:49;05:39;06:06;07:32;19:04;20:30;20:57;21:47;22;48;;01:27;10:27;1;;
10.5.2015;Sonntag;19;130;2457153;2;05:52;20:44;05:17;21:19;04:32;22:05;03:38;22:59;04:47;05:38;06:04;07:31;19:05;20:32;20:58;21:49;23;41;;02:00;11:34;1;Muttertag ;
11.5.2015;Montag;20;131;2457154;2;05:51;20:45;05:15;21:21;04:30;22:06;03:35;23:01;04:46;05:36;06:03;07:30;19:06;20:33;21:00;21:50;24;34;;02:06;12:43;1;;
12.5.2015;Dienstag;20;132;2457155;2;05:50;20:46;05:14;21:22;04:28;22:08;03:33;23:04;04:44;05:35;06:02;07:29;19:07;20:34;21:01;21:52;25;28;;02:41;13:55;1;;
13.5.2015;Mittwoch;20;133;2457156;2;05:48;20:48;05:12;21:24;04:26;22:10;03:30;23:06;04:42;05:34;06:00;07:28;19:08;20:35;21:02;21:54;26;21;;03:15;15:09;1;Servatius Eisheiliger ;
14.5.2015;Donnerstag;20;134;2457157;2;05:47;20:49;05:11;21:25;04:24;22:12;03:28;23:08;04:41;05:32;05:59;07:27;19:09;20:37;21:04;21:55;27;14;;03:47;16:23;0;Himmelfahrt ;
15.5.2015;Freitag;20;135;2457158;2;05:46;20:50;05:10;21:26;04:23;22:13;03:26;23:11;04:39;05:31;05:58;07:26;19:10;20:38;21:05;21:57;28;7;;04:19;17:38;1;;
16.5.2015;Samstag;20;136;2457159;2;05:44;20:51;05:08;21:28;04:21;22:15;03:23;23:13;04:38;05:30;05:57;07:25;19:11;20:39;21:06;21:58;29;0;;04:53;18:52;1;;
17.5.2015;Sonntag;20;137;2457160;2;05:43;20:53;05:07;21:29;04:19;22:17;03:21;23:16;04:36;05:28;05:56;07:24;19:12;20:40;21:08;22:00;0;0;Neumond;05:31;20:04;1;;
18.5.2015;Montag;21;138;2457161;2;05:42;20:54;05:05;21:31;04:18;22:18;03:18;23:18;04:34;05:27;05:54;07:23;19:13;20:41;21:09;22:02;1;7;;06:11;21:12;1;;
19.5.2015;Dienstag;21;139;2457162;2;05:41;20:55;05:04;21:32;04:16;22:20;03:16;23:21;04:33;05:26;05:53;07:22;19:14;20:43;21:10;22:03;2;14;;06:58;22:14;1;;
20.5.2015;Mittwoch;21;140;2457163;2;05:40;20:56;05:03;21:33;04:15;22:22;03:13;23:23;04:32;05:25;05:52;07:21;19:15;20:44;21:11;22:05;3;21;;07:49;23:08;1;;
21.5.2015;Donnerstag;21;141;2457164;2;05:39;20:57;05:02;21:35;04:13;22:23;03:11;23:26;04:30;05:24;05:51;07:20;19:16;20:45;21:13;22:06;4;28;;08:44;23:55;1;;
22.5.2015;Freitag;21;142;2457165;2;05:38;20:59;05:00;21:36;04:11;22:25;03:09;23:28;04:29;05:22;05:50;07:19;19:17;20:46;21:14;22:08;5;34;;09:43;00:35;1;;
23.5.2015;Samstag;21;143;2457166;2;05:37;21:00;04:59;21:37;04:10;22:27;03:06;23:31;04:27;05:21;05:49;07:18;19:18;20:47;21:15;22:09;6;41;;10:43;01:10;1;;
24.5.2015;Sonntag;21;144;2457167;2;05:36;21:01;04:58;21:38;04:09;22:28;03:04;23:33;04:26;05:20;05:48;07:18;19:19;20:48;21:16;22:11;7;48;;11:43;01:41;0;Pfingsten ;
25.5.2015;Montag;22;145;2457168;2;05:35;21:02;04:57;21:40;04:07;22:30;03:02;23:36;04:25;05:19;05:48;07:17;19:20;20:49;21:17;22:12;8;55;;12:43;02:00;0;Pfingstmontag ;
26.5.2015;Dienstag;22;146;2457169;2;05:34;21:03;04:56;21:41;04:06;22:31;03:00;23:38;04:24;05:18;05:47;07:16;19:20;20:50;21:18;22:14;9;62;;13:43;02:08;1;;
27.5.2015;Mittwoch;22;147;2457170;2;05:33;21:04;04:55;21:42;04:04;22:33;02:57;23:41;04:22;05:18;05:46;07:16;19:21;20:51;21:20;22:15;10;69;;14:42;02:34;1;;
28.5.2015;Donnerstag;22;148;2457171;2;05:32;21:05;04:54;21:43;04:03;22:34;02:55;23:43;04:21;05:17;05:45;07:15;19:22;20:52;21:21;22:16;11;76;;15:42;03:00;1;;
29.5.2015;Freitag;22;149;2457172;2;05:32;21:06;04:53;21:44;04:02;22:36;02:53;23:45;04:20;05:16;05:44;07:15;19:23;20:53;21:22;22:18;12;83;;16:43;03:26;1;;
30.5.2015;Samstag;22;150;2457173;2;05:31;21:07;04:52;21:46;04:01;22:37;02:51;23:48;04:19;05:15;05:44;07:14;19:24;20:54;21:23;22:19;13;90;;17:44;03:53;1;;
31.5.2015;Sonntag;22;151;2457174;2;05:30;21:08;04:51;21:47;04:00;22:39;02:49;23:50;04:18;05:14;05:43;07:14;19:24;20:55;21:24;22:20;14;100;;18:46;04:23;1;;
1.6.2015;Montag;23;152;2457175;2;05:29;21:09;04:51;21:48;03:59;22:40;02:47;23:52;04:17;05:14;05:42;07:13;19:25;20:56;21:25;22:21;15;100;Vollmond;19:49;04:58;1;;
2.6.2015;Dienstag;23;153;2457176;2;05:29;21:10;04:50;21:49;03:58;22:41;02:45;23:55;04:16;05:13;05:42;07:13;19:26;20:57;21:26;22:23;16;90;;20:50;05:38;1;;
3.6.2015;Mittwoch;23;154;2457177;2;05:28;21:11;04:49;21:50;03:57;22:43;02:43;23:57;04:15;05:12;05:41;07:12;19:27;20:58;21:27;22:24;17;83;;21:47;06:24;1;;
4.6.2015;Donnerstag;23;155;2457178;2;05:28;21:12;04:49;21:51;03:56;22:44;02:41;23:59;04:15;05:12;05:41;07:12;19:27;20:59;21:28;22:25;18;76;;22:40;07:18;0;Fronleichnam ;
5.6.2015;Freitag;23;156;2457179;2;05:27;21:12;04:48;21:52;03:55;22:45;02:39;00:01;04:14;05:11;05:40;07:12;19:28;20:59;21:28;22:26;19;69;;23:27;08:18;1;;
6.6.2015;Samstag;23;157;2457180;2;05:27;21:13;04:47;21:53;03:54;22:46;02:37;00:03;04:13;05:11;05:40;07:11;19:29;21:00;21:29;22:27;20;62;;00:08;09:25;1;;
7.6.2015;Sonntag;23;158;2457181;2;05:26;21:14;04:47;21:53;03:53;22:47;02:36;00:05;04:13;05:10;05:39;07:11;19:29;21:01;21:30;22:28;21;55;;00:45;10:34;1;;
8.6.2015;Montag;24;159;2457182;2;05:26;21:15;04:46;21:54;03:53;22:48;02:34;00:07;04:12;05:10;05:39;07:11;19:30;21:02;21:31;22:29;22;48;;01:19;11:46;1;;
9.6.2015;Dienstag;24;160;2457183;2;05:26;21:15;04:46;21:55;03:52;22:49;02:33;00:09;04:11;05:10;05:39;07:11;19:30;21:02;21:31;22:30;23;41;;01:51;12:58;1;;
10.6.2015;Mittwoch;24;161;2457184;2;05:25;21:16;04:46;21:56;03:51;22:50;02:31;00:11;04:11;05:09;05:39;07:10;19:31;21:03;21:32;22:31;24;34;;02:00;14:11;1;;
11.6.2015;Donnerstag;24;162;2457185;2;05:25;21:17;04:45;21:56;03:51;22:51;02:30;00:12;04:11;05:09;05:38;07:10;19:32;21:03;21:33;22:31;25;28;;02:21;15:24;1;;
12.6.2015;Freitag;24;163;2457186;2;05:25;21:17;04:45;21:57;03:51;22:52;02:29;00:14;04:10;05:09;05:38;07:10;19:32;21:04;21:33;22:32;26;21;;02:54;16:36;1;;
13.6.2015;Samstag;24;164;2457187;2;05:25;21:18;04:45;21:58;03:50;22:52;02:28;00:15;04:10;05:09;05:38;07:10;19:32;21:05;21:34;22:33;27;14;;03:29;17:47;1;;
14.6.2015;Sonntag;24;165;2457188;2;05:25;21:18;04:45;21:58;03:50;22:53;02:27;00:16;04:10;05:08;05:38;07:10;19:33;21:05;21:35;22:33;28;7;;04:06;18:56;1;;
15.6.2015;Montag;25;166;2457189;2;05:25;21:19;04:45;21:59;03:50;22:54;02:26;00:18;04:09;05:08;05:38;07:10;19:33;21:06;21:35;22:34;29;0;;04:49;20:00;1;;
16.6.2015;Dienstag;25;167;2457190;2;05:25;21:19;04:44;21:59;03:49;22:54;02:25;00:19;04:09;05:08;05:38;07:10;19:34;21:06;21:35;22:35;0;0;Neumond;05:38;20:57;1;;
17.6.2015;Mittwoch;25;168;2457191;2;05:25;21:20;04:44;22:00;03:49;22:55;02:25;00:20;04:09;05:08;05:38;07:10;19:34;21:06;21:36;22:35;1;7;;06:31;21:48;1;;
18.6.2015;Donnerstag;25;169;2457192;2;05:25;21:20;04:44;22:00;03:49;22:55;02:24;00:20;04:09;05:08;05:38;07:10;19:34;21:07;21:36;22:35;2;14;;07:29;22:32;1;;
19.6.2015;Freitag;25;170;2457193;2;05:25;21:20;04:45;22:00;03:49;22:56;02:24;00:21;04:09;05:08;05:38;07:10;19:35;21:07;21:37;22:36;3;21;;08:28;23:09;1;;
20.6.2015;Samstag;25;171;2457194;2;05:25;21:21;04:45;22:01;03:49;22:56;02:24;00:21;04:09;05:09;05:38;07:10;19:35;21:07;21:37;22:36;4;28;;09:29;23:42;1;;
21.6.2015;Sonntag;25;172;2457195;2;05:25;21:21;04:45;22:01;03:50;22:56;02:24;00:22;04:09;05:09;05:38;07:11;19:35;21:08;21:37;22:36;5;34;;10:30;00:11;1;Sommeranfang ;
22.6.2015;Montag;26;173;2457196;2;05:25;21:21;04:45;22:01;03:50;22:56;02:24;00:22;04:10;05:09;05:39;07:11;19:35;21:08;21:37;22:37;6;41;;11:30;00:37;1;;
23.6.2015;Dienstag;26;174;2457197;2;05:25;21:21;04:45;22:01;03:50;22:57;02:25;00:22;04:10;05:09;05:39;07:11;19:36;21:08;21:37;22:37;7;48;;12:29;01:03;1;;
24.6.2015;Mittwoch;26;175;2457198;2;05:26;21:21;04:46;22:01;03:50;22:57;02:25;00:22;04:10;05:09;05:39;07:11;19:36;21:08;21:38;22:37;8;55;;13:30;01:29;1;;
25.6.2015;Donnerstag;26;176;2457199;2;05:26;21:21;04:46;22:01;03:51;22:57;02:26;00:21;04:11;05:10;05:39;07:12;19:36;21:08;21:38;22:37;9;62;;14:29;01:55;1;;
26.6.2015;Freitag;26;177;2457200;2;05:26;21:21;04:46;22:01;03:51;22:57;02:27;00:21;04:11;05:10;05:40;07:12;19:36;21:08;21:38;22:37;10;69;;15:30;02:00;1;;
27.6.2015;Samstag;26;178;2457201;2;05:27;21:21;04:47;22:01;03:52;22:56;02:28;00:20;04:12;05:11;05:40;07:12;19:36;21:08;21:38;22:37;11;76;;16:31;02:23;1;Siebenschläfer ;
28.6.2015;Sonntag;26;179;2457202;2;05:27;21:21;04:47;22:01;03:52;22:56;02:29;00:19;04:12;05:11;05:41;07:13;19:36;21:08;21:38;22:36;12;83;;17:34;02:55;1;;
29.6.2015;Montag;27;180;2457203;2;05:28;21:21;04:48;22:01;03:53;22:56;02:30;00:19;04:13;05:12;05:41;07:13;19:36;21:08;21:37;22:36;13;90;;18:35;03:32;1;;
30.6.2015;Dienstag;27;181;2457204;2;05:28;21:21;04:48;22:01;03:54;22:56;02:31;00:17;04:13;05:12;05:42;07:14;19:36;21:08;21:37;22:36;14;100;;19:35;04:15;1;;
1.7.2015;Mittwoch;27;182;2457205;2;05:29;21:21;04:49;22:01;03:55;22:55;02:33;00:16;04:14;05:13;05:42;07:14;19:36;21:08;21:37;22:36;16;90;;20:31;05:06;1;;
2.7.2015;Donnerstag;27;183;2457206;2;05:30;21:21;04:50;22:00;03:55;22:55;02:34;00:15;04:15;05:13;05:43;07:15;19:36;21:07;21:37;22:35;17;83;;21:22;06:05;1;;
3.7.2015;Freitag;27;184;2457207;2;05:30;21:20;04:50;22:00;03:56;22:54;02:36;00:14;04:16;05:14;05:43;07:15;19:35;21:07;21:36;22:35;18;76;;22:07;07:10;1;;
4.7.2015;Samstag;27;185;2457208;2;05:31;21:20;04:51;22:00;03:57;22:54;02:38;00:12;04:17;05:15;05:44;07:16;19:35;21:07;21:36;22:34;19;69;;22:46;08:20;1;;
5.7.2015;Sonntag;27;186;2457209;2;05:31;21:20;04:52;21:59;03:58;22:53;02:40;00:11;04:17;05:15;05:45;07:16;19:35;21:07;21:36;22:34;20;62;;23:22;09:34;1;;
6.7.2015;Montag;28;187;2457210;2;05:32;21:19;04:53;21:59;03:59;22:52;02:42;00:09;04:18;05:16;05:45;07:17;19:35;21:06;21:35;22:33;21;55;;23:55;10:47;1;;
7.7.2015;Dienstag;28;188;2457211;2;05:33;21:19;04:54;21:58;04:00;22:51;02:44;00:07;04:19;05:17;05:46;07:17;19:34;21:06;21:35;22:32;22;48;;00:26;12:01;1;;
8.7.2015;Mittwoch;28;189;2457212;2;05:34;21:18;04:55;21:58;04:01;22:50;02:46;00:06;04:20;05:18;05:47;07:18;19:34;21:05;21:34;22:32;23;41;;00:58;13:14;1;;
9.7.2015;Donnerstag;28;190;2457213;2;05:35;21:18;04:55;21:57;04:03;22:50;02:48;00:04;04:21;05:19;05:48;07:19;19:34;21:05;21:34;22:31;24;34;;01:32;14:26;1;;
10.7.2015;Freitag;28;191;2457214;2;05:35;21:17;04:56;21:56;04:04;22:49;02:50;00:02;04:23;05:20;05:48;07:19;19:33;21:04;21:33;22:30;25;28;;02:00;15:37;1;;
11.7.2015;Samstag;28;192;2457215;2;05:36;21:17;04:57;21:55;04:05;22:48;02:52;00:00;04:24;05:20;05:49;07:20;19:33;21:04;21:32;22:29;26;21;;02:07;16:45;1;;
12.7.2015;Sonntag;28;193;2457216;2;05:37;21:16;04:58;21:55;04:06;22:47;02:54;23:58;04:25;05:21;05:50;07:21;19:32;21:03;21:32;22:28;27;14;;02:47;17:50;1;;
13.7.2015;Montag;29;194;2457217;2;05:38;21:15;04:59;21:54;04:08;22:45;02:57;23:56;04:26;05:22;05:51;07:22;19:32;21:02;21:31;22:27;28;7;;03:33;18:49;1;;
14.7.2015;Dienstag;29;195;2457218;2;05:39;21:15;05:01;21:53;04:09;22:44;02:59;23:54;04:27;05:23;05:52;07:22;19:31;21:02;21:30;22:26;29;0;;04:23;19:42;1;;
15.7.2015;Mittwoch;29;196;2457219;2;05:40;21:14;05:02;21:52;04:10;22:43;03:01;23:52;04:29;05:24;05:53;07:23;19:31;21:01;21:29;22:25;0;0;Neumond;05:18;20:28;1;;
16.7.2015;Donnerstag;29;197;2457220;2;05:41;21:13;05:03;21:51;04:12;22:42;03:04;23:50;04:30;05:25;05:54;07:24;19:30;21:00;21:29;22:24;1;7;;06:16;21:08;1;;
17.7.2015;Freitag;29;198;2457221;2;05:42;21:12;05:04;21:50;04:13;22:41;03:06;23:47;04:31;05:26;05:55;07:25;19:30;20:59;21:28;22:23;2;14;;07:17;21:42;1;;
18.7.2015;Samstag;29;199;2457222;2;05:43;21:11;05:05;21:49;04:15;22:39;03:09;23:45;04:33;05:28;05:56;07:25;19:29;20:59;21:27;22:21;3;21;;08:17;22:13;1;;
19.7.2015;Sonntag;29;200;2457223;2;05:44;21:10;05:06;21:48;04:16;22:38;03:11;23:43;04:34;05:29;05:57;07:26;19:28;20:58;21:26;22:20;4;28;;09:18;22:40;1;;
20.7.2015;Montag;30;201;2457224;2;05:45;21:09;05:08;21:47;04:18;22:36;03:13;23:41;04:35;05:30;05:58;07:27;19:27;20:57;21:25;22:19;5;34;;10:18;23:07;1;;
21.7.2015;Dienstag;30;202;2457225;2;05:46;21:08;05:09;21:46;04:19;22:35;03:16;23:38;04:37;05:31;05:59;07:28;19:27;20:56;21:24;22:18;6;41;;11:18;23:32;1;;
22.7.2015;Mittwoch;30;203;2457226;2;05:47;21:07;05:10;21:45;04:21;22:33;03:18;23:36;04:38;05:32;06:00;07:29;19:26;20:55;21:23;22:16;7;48;;12:17;23:58;1;;
23.7.2015;Donnerstag;30;204;2457227;2;05:49;21:06;05:11;21:43;04:23;22:32;03:21;23:33;04:40;05:33;06:01;07:30;19:25;20:54;21:21;22:15;8;55;;13:17;00:25;1;;
24.7.2015;Freitag;30;205;2457228;2;05:50;21:05;05:13;21:42;04:24;22:30;03:23;23:31;04:41;05:35;06:02;07:31;19:24;20:53;21:20;22:13;9;62;;14:17;00:55;1;;
25.7.2015;Samstag;30;206;2457229;2;05:51;21:04;05:14;21:41;04:26;22:29;03:26;23:29;04:43;05:36;06:03;07:32;19:23;20:52;21:19;22:12;10;69;;15:18;01:29;1;;
26.7.2015;Sonntag;30;207;2457230;2;05:52;21:03;05:15;21:39;04:28;22:27;03:28;23:26;04:44;05:37;06:04;07:33;19:22;20:50;21:18;22:10;11;76;;16:19;02:00;1;;
27.7.2015;Montag;31;208;2457231;2;05:53;21:02;05:17;21:38;04:29;22:25;03:30;23:24;04:46;05:38;06:06;07:34;19:21;20:49;21:17;22:09;12;83;;17:19;02:08;1;Sommerschlußverkauf ;
28.7.2015;Dienstag;31;209;2457232;2;05:54;21:00;05:18;21:37;04:31;22:24;03:33;23:21;04:47;05:39;06:07;07:35;19:20;20:48;21:15;22:07;13;90;;18:16;02:54;1;;
29.7.2015;Mittwoch;31;210;2457233;2;05:56;20:59;05:19;21:35;04:33;22:22;03:35;23:19;04:49;05:41;06:08;07:35;19:19;20:47;21:14;22:06;14;100;;19:10;03:49;1;;
30.7.2015;Donnerstag;31;211;2457234;2;05:57;20:58;05:21;21:34;04:34;22:20;03:38;23:16;04:50;05:42;06:09;07:36;19:18;20:46;21:13;22:04;15;100;Vollmond;19:58;04:51;1;;
31.7.2015;Freitag;31;212;2457235;2;05:58;20:56;05:22;21:32;04:36;22:18;03:40;23:14;04:52;05:43;06:10;07:37;19:17;20:44;21:11;22:02;16;90;;20:41;06:00;1;;
1.8.2015;Samstag;31;213;2457236;2;05:59;20:55;05:24;21:31;04:38;22:17;03:42;23:11;04:54;05:45;06:11;07:38;19:16;20:43;21:10;22:01;17;83;;21:20;07:13;1;;
2.8.2015;Sonntag;31;214;2457237;2;06:01;20:54;05:25;21:29;04:39;22:15;03:45;23:09;04:55;05:46;06:13;07:39;19:15;20:42;21:08;21:59;18;76;;21:55;08:29;1;;
3.8.2015;Montag;32;215;2457238;2;06:02;20:52;05:26;21:28;04:41;22:13;03:47;23:06;04:57;05:47;06:14;07:41;19:14;20:40;21:07;21:57;19;69;;22:28;09:46;1;;
4.8.2015;Dienstag;32;216;2457239;2;06:03;20:51;05:28;21:26;04:43;22:11;03:49;23:04;04:58;05:49;06:15;07:42;19:12;20:39;21:05;21:55;20;62;;23:01;11:01;1;;
5.8.2015;Mittwoch;32;217;2457240;2;06:04;20:49;05:29;21:24;04:45;22:09;03:52;23:01;05:00;05:50;06:16;07:43;19:11;20:37;21:04;21:54;21;55;;23:35;12:15;1;;
6.8.2015;Donnerstag;32;218;2457241;2;06:06;20:48;05:31;21:23;04:46;22:07;03:54;22:59;05:02;05:51;06:17;07:44;19:10;20:36;21:02;21:52;22;48;;00:10;13:28;1;;
7.8.2015;Freitag;32;219;2457242;2;06:07;20:46;05:32;21:21;04:48;22:05;03:56;22:56;05:03;05:53;06:19;07:45;19:09;20:35;21:01;21:50;23;41;;00:49;14:37;1;;
8.8.2015;Samstag;32;220;2457243;2;06:08;20:45;05:33;21:19;04:50;22:03;03:59;22:54;05:05;05:54;06:20;07:46;19:07;20:33;20:59;21:48;24;34;;01:32;15:43;1;Friedensfest (Augsburg) ;
9.8.2015;Sonntag;32;221;2457244;2;06:09;20:43;05:35;21:18;04:51;22:01;04:01;22:51;05:06;05:55;06:21;07:47;19:06;20:32;20:58;21:46;25;28;;02:00;16:43;1;;
10.8.2015;Montag;33;222;2457245;2;06:11;20:42;05:36;21:16;04:53;21:59;04:03;22:49;05:08;05:57;06:22;07:48;19:05;20:30;20:56;21:44;26;21;;02:20;17:37;1;;
11.8.2015;Dienstag;33;223;2457246;2;06:12;20:40;05:38;21:14;04:55;21:57;04:05;22:46;05:10;05:58;06:24;07:49;19:03;20:28;20:54;21:42;27;14;;03:12;18:25;1;;
12.8.2015;Mittwoch;33;224;2457247;2;06:13;20:38;05:39;21:12;04:57;21:55;04:08;22:44;05:11;05:59;06:25;07:50;19:02;20:27;20:53;21:40;28;7;;04:09;19:07;1;;
13.8.2015;Donnerstag;33;225;2457248;2;06:15;20:37;05:41;21:11;04:58;21:53;04:10;22:41;05:13;06:01;06:26;07:51;19:00;20:25;20:51;21:38;29;0;;05:08;19:43;1;;
14.8.2015;Freitag;33;226;2457249;2;06:16;20:35;05:42;21:09;05:00;21:51;04:12;22:39;05:14;06:02;06:28;07:52;18:59;20:24;20:49;21:36;0;0;Neumond;06:08;20:15;1;;
15.8.2015;Samstag;33;227;2457250;2;06:17;20:33;05:44;21:07;05:02;21:49;04:14;22:36;05:16;06:03;06:29;07:53;18:57;20:22;20:47;21:34;1;7;;07:08;20:43;1;Mariä Himmelfahrt ;
16.8.2015;Sonntag;33;228;2457251;2;06:19;20:32;05:45;21:05;05:03;21:47;04:16;22:33;05:18;06:05;06:30;07:55;18:56;20:20;20:46;21:32;2;14;;08:08;21:10;1;;
17.8.2015;Montag;34;229;2457252;2;06:20;20:30;05:46;21:03;05:05;21:45;04:19;22:31;05:19;06:06;06:31;07:56;18:54;20:19;20:44;21:30;3;21;;09:08;21:36;1;;
18.8.2015;Dienstag;34;230;2457253;2;06:21;20:28;05:48;21:01;05:07;21:43;04:21;22:28;05:21;06:07;06:33;07:57;18:53;20:17;20:42;21:28;4;28;;10:07;22:01;1;;
19.8.2015;Mittwoch;34;231;2457254;2;06:22;20:26;05:49;21:00;05:08;21:40;04:23;22:26;05:22;06:09;06:34;07:58;18:51;20:15;20:40;21:26;5;34;;11:06;22:28;1;;
20.8.2015;Donnerstag;34;232;2457255;2;06:24;20:25;05:51;20:58;05:10;21:38;04:25;22:23;05:24;06:10;06:35;07:59;18:49;20:13;20:38;21:24;6;41;;12:06;22:56;1;;
21.8.2015;Freitag;34;233;2457256;2;06:25;20:23;05:52;20:56;05:12;21:36;04:27;22:21;05:26;06:12;06:36;08:00;18:48;20:12;20:36;21:22;7;48;;13:05;23:28;1;;
22.8.2015;Samstag;34;234;2457257;2;06:26;20:21;05:54;20:54;05:13;21:34;04:29;22:18;05:27;06:13;06:38;08:01;18:46;20:10;20:35;21:20;8;55;;14:05;00:04;1;;
23.8.2015;Sonntag;34;235;2457258;2;06:28;20:19;05:55;20:52;05:15;21:32;04:31;22:16;05:29;06:14;06:39;08:03;18:44;20:08;20:33;21:18;9;62;;15:04;00:45;1;;
24.8.2015;Montag;35;236;2457259;2;06:29;20:17;05:57;20:50;05:17;21:30;04:33;22:13;05:30;06:16;06:40;08:04;18:43;20:06;20:31;21:16;10;69;;16:02;01:35;1;;
25.8.2015;Dienstag;35;237;2457260;2;06:30;20:16;05:58;20:48;05:18;21:27;04:35;22:11;05:32;06:17;06:42;08:05;18:41;20:04;20:29;21:14;11;76;;16:56;02:00;1;;
26.8.2015;Mittwoch;35;238;2457261;2;06:32;20:14;05:59;20:46;05:20;21:25;04:37;22:08;05:33;06:18;06:43;08:06;18:39;20:02;20:27;21:12;12;83;;17:47;02:31;1;;
27.8.2015;Donnerstag;35;239;2457262;2;06:33;20:12;06:01;20:44;05:22;21:23;04:39;22:06;05:35;06:20;06:44;08:07;18:37;20:01;20:25;21:10;13;90;;18:32;03:37;1;;
28.8.2015;Freitag;35;240;2457263;2;06:34;20:10;06:02;20:42;05:23;21:21;04:41;22:03;05:36;06:21;06:45;08:09;18:36;19:59;20:23;21:08;14;100;;19:13;04:47;1;;
29.8.2015;Samstag;35;241;2457264;2;06:36;20:08;06:04;20:40;05:25;21:19;04:43;22:01;05:38;06:22;06:47;08:10;18:34;19:57;20:21;21:06;15;100;Vollmond;19:50;06:02;1;;
30.8.2015;Sonntag;35;242;2457265;2;06:37;20:06;06:05;20:38;05:26;21:17;04:45;21:58;05:40;06:24;06:48;08:11;18:32;19:55;20:19;21:03;16;90;;20:25;07:20;1;;
31.8.2015;Montag;36;243;2457266;2;06:38;20:04;06:06;20:36;05:28;21:14;04:46;21:56;05:41;06:25;06:49;08:12;18:30;19:53;20:17;21:01;17;83;;20:59;08:38;1;;
1.9.2015;Dienstag;36;244;2457267;2;06:40;20:02;06:08;20:34;05:30;21:12;04:48;21:53;05:43;06:26;06:51;08:14;18:28;19:51;20:15;20:59;18;76;;21:34;09:56;1;;
2.9.2015;Mittwoch;36;245;2457268;2;06:41;20:00;06:09;20:32;05:31;21:10;04:50;21:51;05:44;06:28;06:52;08:15;18:26;19:49;20:13;20:57;19;69;;22:10;11:12;1;;
3.9.2015;Donnerstag;36;246;2457269;2;06:42;19:58;06:11;20:30;05:33;21:08;04:52;21:48;05:46;06:29;06:53;08:16;18:24;19:47;20:11;20:55;20;62;;22:48;12:24;1;;
4.9.2015;Freitag;36;247;2457270;2;06:44;19:56;06:12;20:28;05:34;21:06;04:54;21:46;05:47;06:30;06:55;08:17;18:23;19:45;20:09;20:53;21;55;;23:31;13:34;1;;
5.9.2015;Samstag;36;248;2457271;2;06:45;19:54;06:13;20:26;05:36;21:03;04:56;21:43;05:49;06:32;06:56;08:19;18:21;19:43;20:07;20:51;22;48;;00:18;14:36;1;;
6.9.2015;Sonntag;36;249;2457272;2;06:46;19:52;06:15;20:24;05:37;21:01;04:57;21:41;05:50;06:33;06:57;08:20;18:19;19:41;20:05;20:48;23;41;;01:09;15:34;1;;
7.9.2015;Montag;37;250;2457273;2;06:48;19:50;06:16;20:22;05:39;20:59;04:59;21:39;05:51;06:34;06:58;08:21;18:17;19:39;20:03;20:46;24;34;;02:00;16:23;1;;
8.9.2015;Dienstag;37;251;2457274;2;06:49;19:48;06:18;20:19;05:40;20:57;05:01;21:36;05:53;06:36;07:00;08:22;18:15;19:37;20:01;20:44;25;28;;02:04;17:07;1;;
9.9.2015;Mittwoch;37;252;2457275;2;06:50;19:46;06:19;20:17;05:42;20:55;05:03;21:34;05:54;06:37;07:01;08:24;18:13;19:35;19:59;20:42;26;21;;03:02;17:44;1;;
10.9.2015;Donnerstag;37;253;2457276;2;06:51;19:44;06:20;20:15;05:43;20:52;05:04;21:31;05:56;06:39;07:02;08:25;18:11;19:33;19:57;20:40;27;14;;04:01;18:17;1;;
11.9.2015;Freitag;37;254;2457277;2;06:53;19:42;06:22;20:13;05:45;20:50;05:06;21:29;05:57;06:40;07:04;08:26;18:09;19:31;19:55;20:38;28;7;;05:01;18:47;1;;
12.9.2015;Samstag;37;255;2457278;2;06:54;19:40;06:23;20:11;05:46;20:48;05:08;21:27;05:59;06:41;07:05;08:28;18:07;19:29;19:53;20:36;29;0;;06:01;19:14;1;;
13.9.2015;Sonntag;37;256;2457279;2;06:55;19:38;06:25;20:09;05:48;20:46;05:09;21:24;06:00;06:43;07:06;08:29;18:05;19:27;19:51;20:33;0;0;Neumond;07:00;19:40;1;Pützchens Markt ;
14.9.2015;Montag;38;257;2457280;2;06:57;19:36;06:26;20:07;05:49;20:44;05:11;21:22;06:02;06:44;07:08;08:30;18:03;19:25;19:49;20:31;1;7;;07:59;20:05;1;;
15.9.2015;Dienstag;38;258;2457281;2;06:58;19:34;06:27;20:05;05:51;20:41;05:13;21:19;06:03;06:45;07:09;08:32;18:00;19:23;19:47;20:29;2;14;;08:59;20:31;1;;
16.9.2015;Mittwoch;38;259;2457282;2;06:59;19:32;06:29;20:03;05:52;20:39;05:14;21:17;06:04;06:47;07:10;08:33;17:58;19:21;19:45;20:27;3;21;;09:58;20:59;1;;
17.9.2015;Donnerstag;38;260;2457283;2;07:01;19:30;06:30;20:01;05:54;20:37;05:16;21:15;06:06;06:48;07:11;08:35;17:56;19:19;19:43;20:25;4;28;;10:57;21:30;1;;
18.9.2015;Freitag;38;261;2457284;2;07:02;19:28;06:31;19:59;05:55;20:35;05:17;21:13;06:07;06:49;07:13;08:36;17:54;19:17;19:41;20:23;5;34;;11:56;22:03;1;;
19.9.2015;Samstag;38;262;2457285;2;07:03;19:26;06:33;19:57;05:57;20:33;05:19;21:10;06:09;06:51;07:14;08:37;17:52;19:15;19:39;20:21;6;41;;12:55;22:42;1;;
20.9.2015;Sonntag;38;263;2457286;2;07:05;19:24;06:34;19:55;05:58;20:31;05:21;21:08;06:10;06:52;07:15;08:39;17:50;19:13;19:37;20:19;7;48;;13:52;23:27;1;;
21.9.2015;Montag;39;264;2457287;2;07:06;19:22;06:35;19:53;05:59;20:29;05:22;21:06;06:12;06:53;07:17;08:40;17:48;19:11;19:35;20:16;8;55;;14:46;00:19;1;;
22.9.2015;Dienstag;39;265;2457288;2;07:07;19:20;06:37;19:50;06:01;20:26;05:24;21:03;06:13;06:55;07:18;08:42;17:46;19:09;19:33;20:14;9;62;;15:36;01:18;1;Herbstanfang ;
23.9.2015;Mittwoch;39;266;2457289;2;07:09;19:18;06:38;19:48;06:02;20:24;05:25;21:01;06:14;06:56;07:19;08:43;17:43;19:07;19:31;20:12;10;69;;16:22;02:00;1;;
24.9.2015;Donnerstag;39;267;2457290;2;07:10;19:16;06:39;19:46;06:04;20:22;05:27;20:59;06:16;06:57;07:21;08:45;17:41;19:05;19:29;20:10;11;76;;17:04;02:24;1;;
25.9.2015;Freitag;39;268;2457291;2;07:11;19:14;06:41;19:44;06:05;20:20;05:28;20:57;06:17;06:59;07:22;08:46;17:39;19:03;19:27;20:08;12;83;;17:43;03:35;1;;
26.9.2015;Samstag;39;269;2457292;2;07:13;19:12;06:42;19:42;06:06;20:18;05:30;20:55;06:18;07:00;07:23;08:48;17:37;19:01;19:25;20:06;13;90;;18:18;04:50;1;;
27.9.2015;Sonntag;39;270;2457293;2;07:14;19:10;06:44;19:40;06:08;20:16;05:31;20:52;06:20;07:01;07:25;08:49;17:35;18:59;19:23;20:04;14;100;;18:53;06:08;1;;
28.9.2015;Montag;40;271;2457294;2;07:15;19:08;06:45;19:38;06:09;20:14;05:33;20:50;06:21;07:03;07:26;08:51;17:32;18:57;19:21;20:02;15;100;Vollmond;19:28;07:27;1;;
29.9.2015;Dienstag;40;272;2457295;2;07:17;19:06;06:46;19:36;06:11;20:12;05:34;20:48;06:23;07:04;07:28;08:52;17:30;18:55;19:19;20:00;16;90;;20:04;08:45;1;;
30.9.2015;Mittwoch;40;273;2457296;2;07:18;19:04;06:48;19:34;06:12;20:10;05:36;20:46;06:24;07:05;07:29;08:54;17:28;18:53;19:17;19:58;17;83;;20:42;10:02;1;;
1.10.2015;Donnerstag;40;274;2457297;2;07:19;19:02;06:49;19:32;06:13;20:08;05:37;20:44;06:25;07:07;07:30;08:55;17:26;18:51;19:15;19:56;19;69;;21:25;11:16;1;;
2.10.2015;Freitag;40;275;2457298;2;07:21;19:00;06:50;19:30;06:15;20:06;05:39;20:42;06:27;07:08;07:32;08:57;17:23;18:49;19:13;19:54;20;62;;22:12;12:24;1;;
3.10.2015;Samstag;40;276;2457299;2;07:22;18:58;06:52;19:28;06:16;20:04;05:40;20:40;06:28;07:09;07:33;08:59;17:21;18:47;19:11;19:52;21;55;;23:03;13:26;0;Tag der Einheit ;
4.10.2015;Sonntag;40;277;2457300;2;07:23;18:56;06:53;19:26;06:18;20:02;05:42;20:38;06:29;07:11;07:34;09:00;17:19;18:45;19:09;19:50;22;48;;23:58;14:19;1;Erntedankfest ;
5.10.2015;Montag;41;278;2457301;2;07:25;18:54;06:54;19:24;06:19;20:00;05:43;20:36;06:31;07:12;07:36;09:02;17:17;18:43;19:07;19:48;23;41;;00:56;15:05;1;;
6.10.2015;Dienstag;41;279;2457302;2;07:26;18:52;06:56;19:22;06:20;19:58;05:45;20:33;06:32;07:13;07:37;09:03;17:14;18:41;19:05;19:46;24;34;;01:55;15:45;1;;
7.10.2015;Mittwoch;41;280;2457303;2;07:28;18:50;06:57;19:20;06:22;19:56;05:46;20:31;06:34;07:15;07:39;09:05;17:12;18:39;19:03;19:44;25;28;;02:00;16:19;1;;
8.10.2015;Donnerstag;41;281;2457304;2;07:29;18:48;06:58;19:18;06:23;19:54;05:47;20:29;06:35;07:16;07:40;09:07;17:10;18:37;19:01;19:42;26;21;;02:54;16:50;1;;
9.10.2015;Freitag;41;282;2457305;2;07:30;18:46;07:00;19:17;06:24;19:52;05:49;20:28;06:36;07:18;07:41;09:09;17:08;18:35;18:59;19:40;27;14;;03:54;17:18;1;;
10.10.2015;Samstag;41;283;2457306;2;07:32;18:44;07:01;19:15;06:26;19:50;05:50;20:26;06:38;07:19;07:43;09:10;17:05;18:33;18:57;19:38;28;7;;04:53;17:44;1;;
11.10.2015;Sonntag;41;284;2457307;2;07:33;18:42;07:03;19:13;06:27;19:48;05:52;20:24;06:39;07:20;07:44;09:12;17:03;18:31;18:55;19:36;29;0;;05:53;18:09;1;;
12.10.2015;Montag;42;285;2457308;2;07:35;18:40;07:04;19:11;06:29;19:46;05:53;20:22;06:40;07:22;07:46;09:14;17:01;18:29;18:53;19:34;0;0;Neumond;06:52;18:35;1;;
13.10.2015;Dienstag;42;286;2457309;2;07:36;18:38;07:05;19:09;06:30;19:44;05:54;20:20;06:42;07:23;07:47;09:16;16:59;18:27;18:51;19:33;1;7;;07:51;19:03;1;;
14.10.2015;Mittwoch;42;287;2457310;2;07:37;18:36;07:07;19:07;06:31;19:43;05:56;20:18;06:43;07:24;07:48;09:17;16:56;18:25;18:49;19:31;2;14;;08:51;19:32;1;;
15.10.2015;Donnerstag;42;288;2457311;2;07:39;18:35;07:08;19:05;06:33;19:41;05:57;20:16;06:44;07:26;07:50;09:19;16:54;18:23;18:48;19:29;3;21;;09:51;20:04;1;;
16.10.2015;Freitag;42;289;2457312;2;07:40;18:33;07:09;19:04;06:34;19:39;05:59;20:14;06:46;07:27;07:51;09:21;16:52;18:22;18:46;19:27;4;28;;10:49;20:41;1;;
17.10.2015;Samstag;42;290;2457313;2;07:42;18:31;07:11;19:02;06:35;19:37;06:00;20:13;06:47;07:29;07:53;09:23;16:49;18:20;18:44;19:25;5;34;;11:47;21:24;1;;
18.10.2015;Sonntag;42;291;2457314;2;07:43;18:29;07:12;19:00;06:37;19:35;06:01;20:11;06:49;07:30;07:54;09:25;16:47;18:18;18:42;19:24;6;41;;12:41;22:12;1;;
19.10.2015;Montag;43;292;2457315;2;07:45;18:27;07:14;18:58;06:38;19:34;06:03;20:09;06:50;07:32;07:56;09:27;16:45;18:16;18:40;19:22;7;48;;13:32;23:08;1;;
20.10.2015;Dienstag;43;293;2457316;2;07:46;18:25;07:15;18:56;06:39;19:32;06:04;20:07;06:51;07:33;07:57;09:29;16:43;18:14;18:39;19:20;8;55;;14:18;00:09;1;;
21.10.2015;Mittwoch;43;294;2457317;2;07:47;18:24;07:16;18:55;06:41;19:30;06:05;20:06;06:53;07:34;07:59;09:30;16:40;18:12;18:37;19:18;9;62;;15:00;01:16;1;;
22.10.2015;Donnerstag;43;295;2457318;2;07:49;18:22;07:18;18:53;06:42;19:29;06:07;20:04;06:54;07:36;08:00;09:32;16:38;18:11;18:35;19:17;10;69;;15:38;02:00;1;;
23.10.2015;Freitag;43;296;2457319;2;07:50;18:20;07:19;18:51;06:44;19:27;06:08;20:02;06:55;07:37;08:02;09:34;16:36;18:09;18:33;19:15;11;76;;16:13;02:27;1;;
24.10.2015;Samstag;43;297;2457320;2;07:52;18:18;07:21;18:50;06:45;19:25;06:10;20:01;06:57;07:39;08:03;09:36;16:34;18:07;18:32;19:14;12;83;;16:47;03:41;1;;
25.10.2015;Sonntag;43;298;2457321;1;06:53;17:17;06:22;17:48;05:46;18:24;05:11;18:59;05:58;06:40;07:05;08:38;15:31;17:05;17:30;18:12;13;90;;16:21;04:22;1;Ende MESZ ;
26.10.2015;Montag;44;299;2457322;1;06:55;17:15;06:23;17:46;05:48;18:22;05:12;18:58;05:59;06:42;07:06;08:40;15:29;17:04;17:28;18:10;14;100;;16:56;05:15;1;;
27.10.2015;Dienstag;44;300;2457323;1;06:56;17:13;06:25;17:45;05:49;18:21;05:14;18:56;06:01;06:43;07:08;08:42;15:27;17:02;17:27;18:09;15;100;Vollmond;17:33;06:33;1;;
28.10.2015;Mittwoch;44;301;2457324;1;06:58;17:12;06:26;17:43;05:50;18:19;05:15;18:55;06:02;06:44;07:09;08:44;15:25;17:00;17:25;18:07;16;90;;18:14;07:49;1;;
29.10.2015;Donnerstag;44;302;2457325;1;06:59;17:10;06:28;17:42;05:52;18:18;05:16;18:53;06:04;06:46;07:11;08:47;15:22;16:59;17:23;18:06;17;83;;19:00;09:02;1;;
30.10.2015;Freitag;44;303;2457326;1;07:01;17:08;06:29;17:40;05:53;18:16;05:18;18:52;06:05;06:47;07:12;08:49;15:20;16:57;17:22;18:04;18;76;;19:50;10:10;1;;
31.10.2015;Samstag;44;304;2457327;1;07:02;17:07;06:30;17:39;05:54;18:15;05:19;18:50;06:06;06:49;07:14;08:51;15:18;16:55;17:20;18:03;19;69;;20:46;11:09;1;Halloween Reformationstag ;
1.11.2015;Sonntag;44;305;2457328;1;07:04;17:05;06:32;17:37;05:56;18:13;05:20;18:49;06:08;06:50;07:15;08:53;15:16;16:54;17:19;18:01;20;62;;21:44;12:00;0;Allerheiligen ;
2.11.2015;Montag;45;306;2457329;1;07:05;17:04;06:33;17:36;05:57;18:12;05:22;18:47;06:09;06:52;07:17;08:55;15:14;16:52;17:17;18:00;21;55;;22:45;12:44;1;Allerseelen ;
3.11.2015;Dienstag;45;307;2457330;1;07:07;17:02;06:35;17:34;05:58;18:11;05:23;18:46;06:10;06:53;07:18;08:57;15:11;16:51;17:16;17:59;22;48;;23:45;13:20;1;;
4.11.2015;Mittwoch;45;308;2457331;1;07:08;17:01;06:36;17:33;06:00;18:09;05:24;18:45;06:12;06:55;07:20;08:59;15:09;16:49;17:14;17:57;23;41;;00:46;13:53;1;;
5.11.2015;Donnerstag;45;309;2457332;1;07:10;16:59;06:37;17:32;06:01;18:08;05:25;18:44;06:13;06:56;07:21;09:02;15:07;16:48;17:13;17:56;24;34;;01:00;14:22;1;;
6.11.2015;Freitag;45;310;2457333;1;07:11;16:58;06:39;17:30;06:02;18:07;05:27;18:42;06:14;06:57;07:23;09:04;15:05;16:46;17:12;17:55;25;28;;01:45;14:48;1;;
7.11.2015;Samstag;45;311;2457334;1;07:13;16:57;06:40;17:29;06:04;18:06;05:28;18:41;06:16;06:59;07:25;09:06;15:03;16:45;17:10;17:53;26;21;;02:45;15:13;1;;
8.11.2015;Sonntag;45;312;2457335;1;07:14;16:55;06:42;17:28;06:05;18:04;05:29;18:40;06:17;07:00;07:26;09:08;15:01;16:43;17:09;17:52;27;14;;03:44;15:39;1;;
9.11.2015;Montag;46;313;2457336;1;07:16;16:54;06:43;17:27;06:06;18:03;05:31;18:39;06:18;07:02;07:28;09:10;14:59;16:42;17:08;17:51;28;7;;04:43;16:06;1;;
10.11.2015;Dienstag;46;314;2457337;1;07:17;16:53;06:44;17:25;06:08;18:02;05:32;18:38;06:20;07:03;07:29;09:13;14:57;16:41;17:06;17:50;29;0;;05:43;16:34;1;;
11.11.2015;Mittwoch;46;315;2457338;1;07:19;16:51;06:46;17:24;06:09;18:01;05:33;18:37;06:21;07:05;07:31;09:15;14:55;16:39;17:05;17:49;0;0;Neumond;06:43;17:05;1;Martinstag ;
12.11.2015;Donnerstag;46;316;2457339;1;07:20;16:50;06:47;17:23;06:10;18:00;05:34;18:36;06:22;07:06;07:32;09:17;14:53;16:38;17:04;17:48;1;7;;07:43;17:41;1;;
13.11.2015;Freitag;46;317;2457340;1;07:22;16:49;06:49;17:22;06:12;17:59;05:36;18:35;06:24;07:08;07:34;09:19;14:51;16:37;17:03;17:47;2;14;;08:42;18:22;1;;
14.11.2015;Samstag;46;318;2457341;1;07:23;16:48;06:50;17:21;06:13;17:58;05:37;18:34;06:25;07:09;07:35;09:22;14:49;16:35;17:02;17:46;3;21;;09:38;19:09;1;;
15.11.2015;Sonntag;46;319;2457342;1;07:25;16:46;06:51;17:20;06:14;17:57;05:38;18:33;06:26;07:10;07:37;09:24;14:47;16:34;17:01;17:45;4;28;;10:31;20:02;1;Volkstrauertag ;
16.11.2015;Montag;47;320;2457343;1;07:26;16:45;06:53;17:19;06:16;17:56;05:39;18:32;06:28;07:12;07:38;09:26;14:45;16:33;17:00;17:44;5;34;;11:18;21:01;1;;
17.11.2015;Dienstag;47;321;2457344;1;07:27;16:44;06:54;17:18;06:17;17:55;05:41;18:31;06:29;07:13;07:40;09:29;14:43;16:32;16:59;17:43;6;41;;12:01;22:06;1;;
18.11.2015;Mittwoch;47;322;2457345;1;07:29;16:43;06:55;17:17;06:18;17:54;05:42;18:30;06:30;07:15;07:41;09:31;14:41;16:31;16:58;17:42;7;48;;12:39;23:13;1;Buß- und Bettag ;
19.11.2015;Donnerstag;47;323;2457346;1;07:30;16:42;06:57;17:16;06:19;17:53;05:43;18:30;06:32;07:16;07:43;09:33;14:39;16:30;16:57;17:41;8;55;;13:14;00:24;1;;
20.11.2015;Freitag;47;324;2457347;1;07:32;16:41;06:58;17:15;06:21;17:53;05:44;18:29;06:33;07:17;07:44;09:35;14:37;16:29;16:56;17:40;9;62;;13:47;01:00;1;;
21.11.2015;Samstag;47;325;2457348;1;07:33;16:40;06:59;17:14;06:22;17:52;05:45;18:28;06:34;07:19;07:46;09:38;14:36;16:28;16:55;17:40;10;69;;14:24;01:36;1;;
22.11.2015;Sonntag;47;326;2457349;1;07:35;16:40;07:01;17:14;06:23;17:51;05:47;18:28;06:35;07:20;07:47;09:40;14:34;16:27;16:54;17:39;11;76;;14:52;02:51;1;Totensonntag ;
23.11.2015;Montag;48;327;2457350;1;07:36;16:39;07:02;17:13;06:24;17:50;05:48;18:27;06:37;07:21;07:49;09:42;14:32;16:26;16:53;17:38;12;83;;15:26;04:07;1;;
24.11.2015;Dienstag;48;328;2457351;1;07:37;16:38;07:03;17:12;06:25;17:50;05:49;18:26;06:38;07:23;07:50;09:44;14:30;16:25;16:52;17:37;13;90;;16:04;05:22;1;;
25.11.2015;Mittwoch;48;329;2457352;1;07:39;16:37;07:04;17:11;06:27;17:49;05:50;18:26;06:39;07:24;07:51;09:47;14:29;16:24;16:52;17:37;14;100;;16:47;06:37;1;;
26.11.2015;Donnerstag;48;330;2457353;1;07:40;16:36;07:06;17:11;06:28;17:49;05:51;18:25;06:40;07:25;07:53;09:49;14:27;16:24;16:51;17:36;15;100;Vollmond;17:34;07:47;1;;
27.11.2015;Freitag;48;331;2457354;1;07:41;16:36;07:07;17:10;06:29;17:48;05:52;18:25;06:41;07:27;07:54;09:51;14:26;16:23;16:50;17:36;16;90;;18:29;08:52;1;;
28.11.2015;Samstag;48;332;2457355;1;07:43;16:35;07:08;17:10;06:30;17:48;05:53;18:24;06:43;07:28;07:55;09:53;14:24;16:22;16:50;17:35;17;83;;19:27;09:49;1;;
29.11.2015;Sonntag;48;333;2457356;1;07:44;16:35;07:09;17:09;06:31;17:47;05:55;18:24;06:44;07:29;07:57;09:55;14:23;16:22;16:49;17:35;18;76;;20:28;10:38;1;1. Advent ;
30.11.2015;Montag;49;334;2457357;1;07:45;16:34;07:11;17:09;06:32;17:47;05:56;18:24;06:45;07:30;07:58;09:57;14:22;16:21;16:49;17:34;19;69;;21:30;11:18;1;;
1.12.2015;Dienstag;49;335;2457358;1;07:46;16:34;07:12;17:08;06:33;17:47;05:57;18:23;06:46;07:32;07:59;09:59;14:20;16:21;16:48;17:34;21;55;;22:33;11:53;1;Welt-AIDS-Tag ;
2.12.2015;Mittwoch;49;336;2457359;1;07:48;16:33;07:13;17:08;06:34;17:46;05:58;18:23;06:47;07:33;08:01;10:01;14:19;16:20;16:48;17:34;22;48;;23:33;12:24;1;;
3.12.2015;Donnerstag;49;337;2457360;1;07:49;16:33;07:14;17:08;06:36;17:46;05:59;18:23;06:48;07:34;08:02;10:03;14:18;16:20;16:48;17:33;23;41;;00:34;12:52;1;;
4.12.2015;Freitag;49;338;2457361;1;07:50;16:32;07:15;17:07;06:37;17:46;06:00;18:23;06:49;07:35;08:03;10:05;14:17;16:19;16:47;17:33;24;34;;01:00;13:17;1;;
5.12.2015;Samstag;49;339;2457362;1;07:51;16:32;07:16;17:07;06:38;17:46;06:01;18:23;06:50;07:36;08:04;10:07;14:16;16:19;16:47;17:33;25;28;;01:33;13:43;1;;
6.12.2015;Sonntag;49;340;2457363;1;07:52;16:32;07:17;17:07;06:39;17:46;06:02;18:23;06:51;07:37;08:05;10:09;14:15;16:19;16:47;17:33;26;21;;02:33;14:09;1;2. Advent Nikolaus ;
7.12.2015;Montag;50;341;2457364;1;07:53;16:32;07:18;17:07;06:40;17:45;06:03;18:22;06:52;07:38;08:06;10:11;14:14;16:18;16:47;17:33;27;14;;03:32;14:36;1;;
8.12.2015;Dienstag;50;342;2457365;1;07:54;16:31;07:19;17:07;06:40;17:45;06:03;18:22;06:53;07:39;08:08;10:12;14:13;16:18;16:46;17:33;28;7;;04:32;15:06;1;Mariä Empfängnis ;
9.12.2015;Mittwoch;50;343;2457366;1;07:55;16:31;07:20;17:07;06:41;17:45;06:04;18:22;06:54;07:40;08:09;10:14;14:12;16:18;16:46;17:33;29;0;;05:32;15:40;1;;
10.12.2015;Donnerstag;50;344;2457367;1;07:56;16:31;07:21;17:07;06:42;17:45;06:05;18:23;06:55;07:41;08:10;10:15;14:12;16:18;16:46;17:33;0;0;Neumond;06:33;16:19;1;;
11.12.2015;Freitag;50;345;2457368;1;07:57;16:31;07:22;17:07;06:43;17:45;06:06;18:23;06:56;07:42;08:11;10:17;14:11;16:18;16:46;17:33;1;7;;07:31;17:04;1;;
12.12.2015;Samstag;50;346;2457369;1;07:58;16:31;07:23;17:07;06:44;17:46;06:07;18:23;06:57;07:43;08:12;10:18;14:11;16:18;16:46;17:33;2;14;;08:26;17:56;1;;
13.12.2015;Sonntag;50;347;2457370;1;07:59;16:31;07:24;17:07;06:45;17:46;06:08;18:23;06:57;07:44;08:12;10:20;14:10;16:18;16:46;17:33;3;21;;09:16;18:54;1;3. Advent ;
14.12.2015;Montag;51;348;2457371;1;08:00;16:31;07:24;17:07;06:46;17:46;06:08;18:23;06:58;07:45;08:13;10:21;14:10;16:18;16:47;17:33;4;28;;10:02;19:58;1;;
15.12.2015;Dienstag;51;349;2457372;1;08:01;16:32;07:25;17:07;06:46;17:46;06:09;18:23;06:59;07:46;08:14;10:22;14:10;16:18;16:47;17:33;5;34;;10:42;21:05;1;;
16.12.2015;Mittwoch;51;350;2457373;1;08:02;16:32;07:26;17:07;06:47;17:46;06:10;18:24;07:00;07:46;08:15;10:23;14:10;16:18;16:47;17:34;6;41;;11:18;22:15;1;;
17.12.2015;Donnerstag;51;351;2457374;1;08:02;16:32;07:27;17:08;06:48;17:47;06:10;18:24;07:00;07:47;08:16;10:24;14:10;16:19;16:47;17:34;7;48;;11:51;23:25;1;;
18.12.2015;Freitag;51;352;2457375;1;08:03;16:32;07:27;17:08;06:48;17:47;06:11;18:24;07:01;07:48;08:16;10:25;14:10;16:19;16:48;17:34;8;55;;12:23;00:38;1;;
19.12.2015;Samstag;51;353;2457376;1;08:04;16:33;07:28;17:08;06:49;17:47;06:12;18:25;07:02;07:48;08:17;10:26;14:10;16:19;16:48;17:35;9;62;;12:54;01:00;1;;
20.12.2015;Sonntag;51;354;2457377;1;08:04;16:33;07:29;17:09;06:50;17:48;06:12;18:25;07:02;07:49;08:18;10:27;14:11;16:20;16:48;17:35;10;69;;13:26;01:50;1;4. Advent ;
21.12.2015;Montag;52;355;2457378;1;08:05;16:34;07:29;17:09;06:50;17:48;06:13;18:26;07:03;07:50;08:18;10:27;14:11;16:20;16:49;17:36;11;76;;14:01;03:03;1;Winteranfang ;
22.12.2015;Dienstag;52;356;2457379;1;08:05;16:34;07:30;17:10;06:51;17:49;06:13;18:26;07:03;07:50;08:19;10:28;14:11;16:21;16:49;17:36;12;83;;14:40;04:16;1;;
23.12.2015;Mittwoch;52;357;2457380;1;08:06;16:35;07:30;17:10;06:51;17:49;06:14;18:27;07:04;07:51;08:19;10:28;14:12;16:21;16:50;17:37;13;90;;15:23;05:27;1;;
24.12.2015;Donnerstag;52;358;2457381;1;08:06;16:35;07:31;17:11;06:52;17:50;06:14;18:27;07:04;07:51;08:20;10:29;14:13;16:22;16:50;17:37;14;100;;16:13;06:34;0;Heiliger Abend ;
25.12.2015;Freitag;52;359;2457382;1;08:07;16:36;07:31;17:12;06:52;17:51;06:15;18:28;07:05;07:51;08:20;10:29;14:13;16:23;16:51;17:38;15;100;Vollmond;17:09;07:34;0;1. Weihnachtstag ;
26.12.2015;Samstag;52;360;2457383;1;08:07;16:37;07:31;17:12;06:52;17:51;06:15;18:28;07:05;07:52;08:20;10:29;14:14;16:23;16:52;17:38;16;90;;18:09;08:27;0;2. Weihnachtstag ;
27.12.2015;Sonntag;52;361;2457384;1;08:07;16:37;07:32;17:13;06:53;17:52;06:15;18:29;07:05;07:52;08:21;10:29;14:15;16:24;16:52;17:39;17;83;;19:12;09:12;1;;
28.12.2015;Montag;53;362;2457385;1;08:07;16:38;07:32;17:14;06:53;17:53;06:16;18:30;07:06;07:52;08:21;10:29;14:16;16:25;16:53;17:40;18;76;;20:15;09:51;1;;
29.12.2015;Dienstag;53;363;2457386;1;08:08;16:39;07:32;17:14;06:53;17:53;06:16;18:30;07:06;07:52;08:21;10:29;14:18;16:26;16:54;17:41;19;69;;21:18;10:24;1;;
30.12.2015;Mittwoch;53;364;2457387;1;08:08;16:40;07:32;17:15;06:53;17:54;06:16;18:31;07:06;07:53;08:21;10:29;14:19;16:26;16:55;17:41;20;62;;22:20;10:54;1;;
31.12.2015;Donnerstag;53;365;2457388;1;08:08;16:41;07:32;17:16;06:54;17:55;06:16;18:32;07:06;07:53;08:21;10:29;14:20;16:27;16:56;17:42;21;55;;23:20;11:20;0;Silvester ;

47:12:58 N   9:34:02 E  9486, Liechtenstein (c) and service by http://galupki.de/kalender/sunmoon.php
